3035,,https://encrypted-tbn0.gstatic.com/images?q=tbn:ANd9GcQB8IuiPY9HdN5uOHJxs7km_KxNfivPT2biYs3zCRC9y_LlOBpMbw,wurlitzer83,,0,31,"2019-02-09 08:05:59.523332","2019-02-09 08:05:59.523332"
3036,,https://encrypted-tbn0.gstatic.com/images?q=tbn:ANd9GcQB8IuiPY9HdN5uOHJxs7km_KxNfivPT2biYs3zCRC9y_LlOBpMbw,yochan_w,,0,31,"2019-02-09 08:05:59.536355","2019-02-09 08:05:59.536355"
3037,,https://encrypted-tbn0.gstatic.com/images?q=tbn:ANd9GcQB8IuiPY9HdN5uOHJxs7km_KxNfivPT2biYs3zCRC9y_LlOBpMbw,yanco_chan,,0,31,"2019-02-09 08:05:59.542856","2019-02-09 08:05:59.542856"
3038,,https://encrypted-tbn0.gstatic.com/images?q=tbn:ANd9GcQB8IuiPY9HdN5uOHJxs7km_KxNfivPT2biYs3zCRC9y_LlOBpMbw,uni_ikura_3,,0,31,"2019-02-09 08:05:59.548444","2019-02-09 08:05:59.548444"
3039,,https://encrypted-tbn0.gstatic.com/images?q=tbn:ANd9GcQB8IuiPY9HdN5uOHJxs7km_KxNfivPT2biYs3zCRC9y_LlOBpMbw,sky_moon_3776,,0,31,"2019-02-09 08:05:59.553799","2019-02-09 08:05:59.553799"
3040,,https://encrypted-tbn0.gstatic.com/images?q=tbn:ANd9GcQB8IuiPY9HdN5uOHJxs7km_KxNfivPT2biYs3zCRC9y_LlOBpMbw,bincyou,,0,31,"2019-02-09 08:05:59.559448","2019-02-09 08:05:59.559448"
3041,,https://encrypted-tbn0.gstatic.com/images?q=tbn:ANd9GcQB8IuiPY9HdN5uOHJxs7km_KxNfivPT2biYs3zCRC9y_LlOBpMbw,bell_mino,,0,31,"2019-02-09 08:05:59.565446","2019-02-09 08:05:59.565446"
3042,,https://encrypted-tbn0.gstatic.com/images?q=tbn:ANd9GcQB8IuiPY9HdN5uOHJxs7km_KxNfivPT2biYs3zCRC9y_LlOBpMbw,lovely08701,,0,31,"2019-02-09 08:05:59.571606","2019-02-09 08:05:59.571606"
3043,,https://encrypted-tbn0.gstatic.com/images?q=tbn:ANd9GcQB8IuiPY9HdN5uOHJxs7km_KxNfivPT2biYs3zCRC9y_LlOBpMbw,saekome__gram,,0,31,"2019-02-09 08:05:59.577136","2019-02-09 08:05:59.577136"
3044,,https://encrypted-tbn0.gstatic.com/images?q=tbn:ANd9GcQB8IuiPY9HdN5uOHJxs7km_KxNfivPT2biYs3zCRC9y_LlOBpMbw,tiger_jamtoshi,,0,31,"2019-02-09 08:05:59.582386","2019-02-09 08:05:59.582386"
3045,,https://encrypted-tbn0.gstatic.com/images?q=tbn:ANd9GcQB8IuiPY9HdN5uOHJxs7km_KxNfivPT2biYs3zCRC9y_LlOBpMbw,yusagi.pyokopyoko,,0,31,"2019-02-09 08:05:59.588477","2019-02-09 08:05:59.588477"
3046,,https://encrypted-tbn0.gstatic.com/images?q=tbn:ANd9GcQB8IuiPY9HdN5uOHJxs7km_KxNfivPT2biYs3zCRC9y_LlOBpMbw,miyako_takara,,0,31,"2019-02-09 08:05:59.594162","2019-02-09 08:05:59.594162"
3047,,https://encrypted-tbn0.gstatic.com/images?q=tbn:ANd9GcQB8IuiPY9HdN5uOHJxs7km_KxNfivPT2biYs3zCRC9y_LlOBpMbw,ms06majesta,,0,31,"2019-02-09 08:05:59.599364","2019-02-09 08:05:59.599364"
3048,,https://encrypted-tbn0.gstatic.com/images?q=tbn:ANd9GcQB8IuiPY9HdN5uOHJxs7km_KxNfivPT2biYs3zCRC9y_LlOBpMbw,nami_scarlet1231,,0,31,"2019-02-09 08:05:59.603769","2019-02-09 08:05:59.603769"
3049,,https://encrypted-tbn0.gstatic.com/images?q=tbn:ANd9GcQB8IuiPY9HdN5uOHJxs7km_KxNfivPT2biYs3zCRC9y_LlOBpMbw,wagaya.youandi,,0,31,"2019-02-09 08:05:59.608868","2019-02-09 08:05:59.608868"
3050,,https://encrypted-tbn0.gstatic.com/images?q=tbn:ANd9GcQB8IuiPY9HdN5uOHJxs7km_KxNfivPT2biYs3zCRC9y_LlOBpMbw,koji2017t0kai2,,0,31,"2019-02-09 08:05:59.613092","2019-02-09 08:05:59.613092"
3051,,https://encrypted-tbn0.gstatic.com/images?q=tbn:ANd9GcQB8IuiPY9HdN5uOHJxs7km_KxNfivPT2biYs3zCRC9y_LlOBpMbw,sky_moon_3776,,0,31,"2019-02-09 08:05:59.620532","2019-02-09 08:05:59.620532"
3052,,https://encrypted-tbn0.gstatic.com/images?q=tbn:ANd9GcQB8IuiPY9HdN5uOHJxs7km_KxNfivPT2biYs3zCRC9y_LlOBpMbw,bincyou,,0,31,"2019-02-09 08:05:59.625132","2019-02-09 08:05:59.625132"
3053,,https://encrypted-tbn0.gstatic.com/images?q=tbn:ANd9GcQB8IuiPY9HdN5uOHJxs7km_KxNfivPT2biYs3zCRC9y_LlOBpMbw,bell_mino,,0,31,"2019-02-09 08:05:59.629800","2019-02-09 08:05:59.629800"
3054,,https://encrypted-tbn0.gstatic.com/images?q=tbn:ANd9GcQB8IuiPY9HdN5uOHJxs7km_KxNfivPT2biYs3zCRC9y_LlOBpMbw,lovely08701,,0,31,"2019-02-09 08:05:59.635176","2019-02-09 08:05:59.635176"
3055,,https://encrypted-tbn0.gstatic.com/images?q=tbn:ANd9GcQB8IuiPY9HdN5uOHJxs7km_KxNfivPT2biYs3zCRC9y_LlOBpMbw,saekome__gram,,0,31,"2019-02-09 08:05:59.640318","2019-02-09 08:05:59.640318"
3056,,https://encrypted-tbn0.gstatic.com/images?q=tbn:ANd9GcQB8IuiPY9HdN5uOHJxs7km_KxNfivPT2biYs3zCRC9y_LlOBpMbw,tiger_jamtoshi,,0,31,"2019-02-09 08:05:59.645223","2019-02-09 08:05:59.645223"
3057,,https://encrypted-tbn0.gstatic.com/images?q=tbn:ANd9GcQB8IuiPY9HdN5uOHJxs7km_KxNfivPT2biYs3zCRC9y_LlOBpMbw,yusagi.pyokopyoko,,0,31,"2019-02-09 08:05:59.651654","2019-02-09 08:05:59.651654"
3058,,https://encrypted-tbn0.gstatic.com/images?q=tbn:ANd9GcQB8IuiPY9HdN5uOHJxs7km_KxNfivPT2biYs3zCRC9y_LlOBpMbw,miyako_takara,,0,31,"2019-02-09 08:05:59.656992","2019-02-09 08:05:59.656992"
3059,,https://encrypted-tbn0.gstatic.com/images?q=tbn:ANd9GcQB8IuiPY9HdN5uOHJxs7km_KxNfivPT2biYs3zCRC9y_LlOBpMbw,ms06majesta,,0,31,"2019-02-09 08:05:59.661810","2019-02-09 08:05:59.661810"
3060,,https://encrypted-tbn0.gstatic.com/images?q=tbn:ANd9GcQB8IuiPY9HdN5uOHJxs7km_KxNfivPT2biYs3zCRC9y_LlOBpMbw,nami_scarlet1231,,0,31,"2019-02-09 08:05:59.667329","2019-02-09 08:05:59.667329"
3061,,https://encrypted-tbn0.gstatic.com/images?q=tbn:ANd9GcQB8IuiPY9HdN5uOHJxs7km_KxNfivPT2biYs3zCRC9y_LlOBpMbw,wagaya.youandi,,0,31,"2019-02-09 08:05:59.672327","2019-02-09 08:05:59.672327"
3062,,https://encrypted-tbn0.gstatic.com/images?q=tbn:ANd9GcQB8IuiPY9HdN5uOHJxs7km_KxNfivPT2biYs3zCRC9y_LlOBpMbw,koji2017t0kai2,,0,31,"2019-02-09 08:05:59.676682","2019-02-09 08:05:59.676682"
3063,,https://encrypted-tbn0.gstatic.com/images?q=tbn:ANd9GcQB8IuiPY9HdN5uOHJxs7km_KxNfivPT2biYs3zCRC9y_LlOBpMbw,keiko.mihara1005,,0,31,"2019-02-09 08:05:59.681534","2019-02-09 08:05:59.681534"
3064,,https://encrypted-tbn0.gstatic.com/images?q=tbn:ANd9GcQB8IuiPY9HdN5uOHJxs7km_KxNfivPT2biYs3zCRC9y_LlOBpMbw,cosmos_4707,,0,31,"2019-02-09 08:05:59.685777","2019-02-09 08:05:59.685777"
3065,,https://encrypted-tbn0.gstatic.com/images?q=tbn:ANd9GcQB8IuiPY9HdN5uOHJxs7km_KxNfivPT2biYs3zCRC9y_LlOBpMbw,hirofumi.nakazono,,0,31,"2019-02-09 08:05:59.690392","2019-02-09 08:05:59.690392"
3066,,https://encrypted-tbn0.gstatic.com/images?q=tbn:ANd9GcQB8IuiPY9HdN5uOHJxs7km_KxNfivPT2biYs3zCRC9y_LlOBpMbw,naomi1181,,0,31,"2019-02-09 08:05:59.695305","2019-02-09 08:05:59.695305"
3067,,https://encrypted-tbn0.gstatic.com/images?q=tbn:ANd9GcQB8IuiPY9HdN5uOHJxs7km_KxNfivPT2biYs3zCRC9y_LlOBpMbw,tatsu_log0321,,0,31,"2019-02-09 08:05:59.699862","2019-02-09 08:05:59.699862"
3068,,https://encrypted-tbn0.gstatic.com/images?q=tbn:ANd9GcQB8IuiPY9HdN5uOHJxs7km_KxNfivPT2biYs3zCRC9y_LlOBpMbw,tiger_jamtoshi,,0,31,"2019-02-09 08:05:59.704537","2019-02-09 08:05:59.704537"
3069,,https://encrypted-tbn0.gstatic.com/images?q=tbn:ANd9GcQB8IuiPY9HdN5uOHJxs7km_KxNfivPT2biYs3zCRC9y_LlOBpMbw,yusagi.pyokopyoko,,0,31,"2019-02-09 08:05:59.709284","2019-02-09 08:05:59.709284"
3070,,https://encrypted-tbn0.gstatic.com/images?q=tbn:ANd9GcQB8IuiPY9HdN5uOHJxs7km_KxNfivPT2biYs3zCRC9y_LlOBpMbw,miyako_takara,,0,31,"2019-02-09 08:05:59.713439","2019-02-09 08:05:59.713439"
3071,,https://encrypted-tbn0.gstatic.com/images?q=tbn:ANd9GcQB8IuiPY9HdN5uOHJxs7km_KxNfivPT2biYs3zCRC9y_LlOBpMbw,ms06majesta,,0,31,"2019-02-09 08:05:59.718821","2019-02-09 08:05:59.718821"
3072,,https://encrypted-tbn0.gstatic.com/images?q=tbn:ANd9GcQB8IuiPY9HdN5uOHJxs7km_KxNfivPT2biYs3zCRC9y_LlOBpMbw,nami_scarlet1231,,0,31,"2019-02-09 08:05:59.724408","2019-02-09 08:05:59.724408"
3073,,https://encrypted-tbn0.gstatic.com/images?q=tbn:ANd9GcQB8IuiPY9HdN5uOHJxs7km_KxNfivPT2biYs3zCRC9y_LlOBpMbw,wagaya.youandi,,0,31,"2019-02-09 08:05:59.729018","2019-02-09 08:05:59.729018"
3074,,https://encrypted-tbn0.gstatic.com/images?q=tbn:ANd9GcQB8IuiPY9HdN5uOHJxs7km_KxNfivPT2biYs3zCRC9y_LlOBpMbw,koji2017t0kai2,,0,31,"2019-02-09 08:05:59.734918","2019-02-09 08:05:59.734918"
3075,,https://encrypted-tbn0.gstatic.com/images?q=tbn:ANd9GcQB8IuiPY9HdN5uOHJxs7km_KxNfivPT2biYs3zCRC9y_LlOBpMbw,keiko.mihara1005,,0,31,"2019-02-09 08:05:59.740448","2019-02-09 08:05:59.740448"
3076,,https://encrypted-tbn0.gstatic.com/images?q=tbn:ANd9GcQB8IuiPY9HdN5uOHJxs7km_KxNfivPT2biYs3zCRC9y_LlOBpMbw,cosmos_4707,,0,31,"2019-02-09 08:05:59.746109","2019-02-09 08:05:59.746109"
3077,,https://encrypted-tbn0.gstatic.com/images?q=tbn:ANd9GcQB8IuiPY9HdN5uOHJxs7km_KxNfivPT2biYs3zCRC9y_LlOBpMbw,hirofumi.nakazono,,0,31,"2019-02-09 08:05:59.751640","2019-02-09 08:05:59.751640"
3078,,https://encrypted-tbn0.gstatic.com/images?q=tbn:ANd9GcQB8IuiPY9HdN5uOHJxs7km_KxNfivPT2biYs3zCRC9y_LlOBpMbw,naomi1181,,0,31,"2019-02-09 08:05:59.756934","2019-02-09 08:05:59.756934"
3079,,https://encrypted-tbn0.gstatic.com/images?q=tbn:ANd9GcQB8IuiPY9HdN5uOHJxs7km_KxNfivPT2biYs3zCRC9y_LlOBpMbw,tatsu_log0321,,0,31,"2019-02-09 08:05:59.762023","2019-02-09 08:05:59.762023"
3080,,https://encrypted-tbn0.gstatic.com/images?q=tbn:ANd9GcQB8IuiPY9HdN5uOHJxs7km_KxNfivPT2biYs3zCRC9y_LlOBpMbw,gon.gon2,,0,31,"2019-02-09 08:05:59.767266","2019-02-09 08:05:59.767266"
3081,,https://encrypted-tbn0.gstatic.com/images?q=tbn:ANd9GcQB8IuiPY9HdN5uOHJxs7km_KxNfivPT2biYs3zCRC9y_LlOBpMbw,hemp.beaut,,0,31,"2019-02-09 08:05:59.773103","2019-02-09 08:05:59.773103"
3082,,https://encrypted-tbn0.gstatic.com/images?q=tbn:ANd9GcQB8IuiPY9HdN5uOHJxs7km_KxNfivPT2biYs3zCRC9y_LlOBpMbw,heatbear634,,0,31,"2019-02-09 08:05:59.778243","2019-02-09 08:05:59.778243"
3083,,https://encrypted-tbn0.gstatic.com/images?q=tbn:ANd9GcQB8IuiPY9HdN5uOHJxs7km_KxNfivPT2biYs3zCRC9y_LlOBpMbw,ms06majesta,,0,31,"2019-02-09 08:05:59.784385","2019-02-09 08:05:59.784385"
3084,,https://encrypted-tbn0.gstatic.com/images?q=tbn:ANd9GcQB8IuiPY9HdN5uOHJxs7km_KxNfivPT2biYs3zCRC9y_LlOBpMbw,nami_scarlet1231,,0,31,"2019-02-09 08:05:59.790295","2019-02-09 08:05:59.790295"
3085,,https://encrypted-tbn0.gstatic.com/images?q=tbn:ANd9GcQB8IuiPY9HdN5uOHJxs7km_KxNfivPT2biYs3zCRC9y_LlOBpMbw,wagaya.youandi,,0,31,"2019-02-09 08:05:59.794745","2019-02-09 08:05:59.794745"
3086,,https://encrypted-tbn0.gstatic.com/images?q=tbn:ANd9GcQB8IuiPY9HdN5uOHJxs7km_KxNfivPT2biYs3zCRC9y_LlOBpMbw,koji2017t0kai2,,0,31,"2019-02-09 08:05:59.800214","2019-02-09 08:05:59.800214"
3087,,https://encrypted-tbn0.gstatic.com/images?q=tbn:ANd9GcQB8IuiPY9HdN5uOHJxs7km_KxNfivPT2biYs3zCRC9y_LlOBpMbw,keiko.mihara1005,,0,31,"2019-02-09 08:05:59.804706","2019-02-09 08:05:59.804706"
3088,,https://encrypted-tbn0.gstatic.com/images?q=tbn:ANd9GcQB8IuiPY9HdN5uOHJxs7km_KxNfivPT2biYs3zCRC9y_LlOBpMbw,cosmos_4707,,0,31,"2019-02-09 08:05:59.809221","2019-02-09 08:05:59.809221"
3089,,https://encrypted-tbn0.gstatic.com/images?q=tbn:ANd9GcQB8IuiPY9HdN5uOHJxs7km_KxNfivPT2biYs3zCRC9y_LlOBpMbw,hirofumi.nakazono,,0,31,"2019-02-09 08:05:59.813579","2019-02-09 08:05:59.813579"
3090,,https://encrypted-tbn0.gstatic.com/images?q=tbn:ANd9GcQB8IuiPY9HdN5uOHJxs7km_KxNfivPT2biYs3zCRC9y_LlOBpMbw,naomi1181,,0,31,"2019-02-09 08:05:59.819502","2019-02-09 08:05:59.819502"
3091,,https://encrypted-tbn0.gstatic.com/images?q=tbn:ANd9GcQB8IuiPY9HdN5uOHJxs7km_KxNfivPT2biYs3zCRC9y_LlOBpMbw,tatsu_log0321,,0,31,"2019-02-09 08:05:59.825575","2019-02-09 08:05:59.825575"
3092,,https://encrypted-tbn0.gstatic.com/images?q=tbn:ANd9GcQB8IuiPY9HdN5uOHJxs7km_KxNfivPT2biYs3zCRC9y_LlOBpMbw,gon.gon2,,0,31,"2019-02-09 08:05:59.831138","2019-02-09 08:05:59.831138"
3093,,https://encrypted-tbn0.gstatic.com/images?q=tbn:ANd9GcQB8IuiPY9HdN5uOHJxs7km_KxNfivPT2biYs3zCRC9y_LlOBpMbw,hemp.beaut,,0,31,"2019-02-09 08:05:59.836020","2019-02-09 08:05:59.836020"
3094,,https://encrypted-tbn0.gstatic.com/images?q=tbn:ANd9GcQB8IuiPY9HdN5uOHJxs7km_KxNfivPT2biYs3zCRC9y_LlOBpMbw,heatbear634,,0,31,"2019-02-09 08:05:59.840722","2019-02-09 08:05:59.840722"
